RECORD,hbpermin,Pseg,PQseg,QRSseg,QRseg,QTseg,RSseg,STseg,Tseg,PTseg,ECGseg,QRtoQSdur,RStoQSdur,RRmean,PPmean,PQdis,PonQdis,PRdis,PonRdis,PSdis,PonSdis,PTdis,PonTdis,PToffdis,QRdis,QSdis,QTdis,QToffdis,RSdis,RTdis,RToffdis,STdis,SToffdis,PonToffdis,PonPQang,PQRang,QRSang,RSTang,STToffang,RRTot,NNTot,SDRR,IBIM,IBISD,SDSD,RMSSD,QRSarea,QRSperi,PQslope,QRslope,RSslope,STslope,NN50,pNN50
1,139.68253968,0.06250000,0.09300000,0.10000000,0.07565217,0.29750000,0.02434783,0.19850000,0.08900000,0.39235294,0.53352941,0.75584102,0.24415898,429.54545455,492.10526316,8.09148383,0,15.25701710,0,16.87885217,0,29.00012674,0,0,8.95764308,10.15649452,25.87066084,0,6.94262777,19.77261977,0,17.35429888,0,0,152.46806935,126.10898357,78.18589097,90.55845960,148.85674512,23,22,5.62241676,429.54545455,5.62241676,8.16496581,8.16496581,30.22046785,26.05676536,-0.03648730,0.64586692,-2.77783446,0.09470691,0,0.00000000
