RECORD,hbpermin,Pseg,PQseg,QRSseg,QRseg,QTseg,RSseg,STseg,Tseg,PTseg,ECGseg,QRtoQSdur,RStoQSdur,RRmean,PPmean,PQdis,PonQdis,PRdis,PonRdis,PSdis,PonSdis,PTdis,PonTdis,PToffdis,QRdis,QSdis,QTdis,QToffdis,RSdis,RTdis,RToffdis,STdis,SToffdis,PonToffdis,PonPQang,PQRang,QRSang,RSTang,STToffang,RRTot,NNTot,SDRR,IBIM,IBISD,SDSD,RMSSD,QRSarea,QRSperi,PQslope,QRslope,RSslope,STslope,NN50,pNN50
1,73.74301676,0.03750000,0.12875000,0.05583333,0.03166667,0.22500000,0.02416667,0.16916667,0.05833333,0.34875000,0.44250000,0.54656085,0.45343915,813.63636364,1162.85714286,8.61034601,0,11.22127897,0,12.09564656,0,23.25595785,0,0,7.65657907,5.58827244,22.56491069,0,7.14430936,20.09795805,0,16.98798481,0,0,113.27175918,71.71331537,43.76041446,104.78020919,168.25634817,12,11,14.93788793,813.63636364,14.93788793,19.72308292,19.74841766,18.96613462,20.38916086,-0.05298277,2.51427835,-2.90256970,0.08887384,0,0.00000000
