RECORD,hbpermin,Pseg,PQseg,QRSseg,QRseg,QTseg,RSseg,STseg,Tseg,PTseg,ECGseg,QRtoQSdur,RStoQSdur,RRmean,PPmean,PQdis,PonQdis,PRdis,PonRdis,PSdis,PonSdis,PTdis,PonTdis,PToffdis,QRdis,QSdis,QTdis,QToffdis,RSdis,RTdis,RToffdis,STdis,SToffdis,PonToffdis,PonPQang,PQRang,QRSang,RSTang,STToffang,RRTot,NNTot,SDRR,IBIM,IBISD,SDSD,RMSSD,QRSarea,QRSperi,PQslope,QRslope,RSslope,STslope,NN50,pNN50
1,88.23529412,0.08642857,0.07785714,0.07857143,0.05285714,0.37142857,0.02571429,0.29285714,0.03857143,0.44928571,0.57428571,0.66156463,0.33843537,680.00000000,681.53846154,7.87111381,0,13.94396213,0,15.76076040,0,44.92957837,0,0,8.07117432,7.89805670,37.15839613,0,7.24124473,32.24145012,0,29.34287207,0,0,166.71569974,121.91474000,61.28978606,107.24915676,174.46434188,14,13,8.77058019,680.00000000,8.77058019,8.29156198,8.66025404,25.46781180,23.21047575,-0.15089394,1.22706795,-2.73387299,0.06207189,0,0.00000000
